SELECT COERCIBILITY('abc') AS result1;
result1
4
SELECT COERCIBILITY('test string') AS result2;
result2
4
SELECT COERCIBILITY('') AS result3;
result3
4
SELECT COERCIBILITY('Hello World!') AS result4;
result4
4
SELECT COERCIBILITY(NULL) AS null_result;
null_result
NULL
SELECT COERCIBILITY(123) AS int_result;
int_result
6
SELECT COERCIBILITY(0123) AS octal_result;
octal_result
6
SELECT COERCIBILITY('0123') AS string_0123;
string_0123
4
SELECT COERCIBILITY(45.67) AS float_result;
float_result
6
SELECT COERCIBILITY(CAST(100 AS BIGINT)) AS bigint_result;
bigint_result
6
SELECT COERCIBILITY(CAST(200 AS DECIMAL(10,2))) AS decimal_result;
decimal_result
6
SELECT COERCIBILITY('‰Ω†Â•Ω') AS result5;
result5
4
SELECT COERCIBILITY('„Åì„Çì„Å´„Å°„ÅØ') AS result6;
result6
4
SELECT COERCIBILITY('ÏïàÎÖïÌïòÏÑ∏Ïöî') AS result7;
result7
4
SELECT COERCIBILITY('üòÄüéâ') AS result8;
result8
4
CREATE TABLE test_coercibility (
id INT PRIMARY KEY,
name VARCHAR(100),
description TEXT,
age INT,
score DECIMAL(5,2)
);
INSERT INTO test_coercibility VALUES (1, 'Alice', 'First user', 25, 95.5);
INSERT INTO test_coercibility VALUES (2, 'Bob', 'Second user', 30, 88.0);
INSERT INTO test_coercibility VALUES (3, 'ÊùéÊòé', 'Á¨¨‰∏â‰∏™Áî®Êà∑', NULL, NULL);
SELECT id, name, COERCIBILITY(name) AS name_coercibility FROM test_coercibility ORDER BY id;
id    name    name_coercibility
1    Alice    2
2    Bob    2
3    ÊùéÊòé    2
SELECT id, description, COERCIBILITY(description) AS desc_coercibility FROM test_coercibility ORDER BY id;
id    description    desc_coercibility
1    First user    2
2    Second user    2
3    Á¨¨‰∏â‰∏™Áî®Êà∑    2
SELECT id, age, COERCIBILITY(age) AS age_coercibility FROM test_coercibility ORDER BY id;
id    age    age_coercibility
1    25    6
2    30    6
3    NULL    NULL
SELECT id, score, COERCIBILITY(score) AS score_coercibility FROM test_coercibility ORDER BY id;
id    score    score_coercibility
1    95.50    6
2    88.00    6
3    NULL    NULL
SELECT COERCIBILITY(CONCAT('Hello', ' ', 'World')) AS concat_result;
concat_result
4
SELECT COERCIBILITY(UPPER('test')) AS upper_result;
upper_result
4
SELECT COERCIBILITY(LOWER('TEST')) AS lower_result;
lower_result
4
SELECT COERCIBILITY(SUBSTRING('Hello World', 1, 5)) AS substring_result;
substring_result
4
SELECT COERCIBILITY('abc' COLLATE utf8mb4_bin) AS explicit_collate_0;
explicit_collate_0
4
SELECT COERCIBILITY('test' COLLATE utf8mb4_general_ci) AS explicit_collate_1;
explicit_collate_1
4
SELECT COERCIBILITY(USER()) AS user_result;
user_result
3
SELECT COERCIBILITY(VERSION()) AS version_result;
version_result
3
SELECT COERCIBILITY(DATABASE()) AS database_result;
database_result
3
SELECT COERCIBILITY(CAST('test' AS VARBINARY(100))) AS binary_result;
binary_result
1
SELECT COERCIBILITY(BINARY 'test') AS binary_literal;
binary_literal
1
SELECT COERCIBILITY('hello' COLLATE utf8mb4_bin) AS collate_0_1;
collate_0_1
4
SELECT COERCIBILITY('world' COLLATE utf8mb4_unicode_ci) AS collate_0_2;
collate_0_2
4
SELECT COERCIBILITY('ÊµãËØï' COLLATE utf8mb4_bin) AS collate_0_3;
collate_0_3
4
SELECT COERCIBILITY(CAST('test' AS CHAR(50)) COLLATE utf8mb4_general_ci) AS collate_0_4;
collate_0_4
4
CREATE TABLE test_coercibility_cols (
col1 VARCHAR(50),
col2 CHAR(100),
col3 TEXT,
col4 VARCHAR(200)
);
INSERT INTO test_coercibility_cols VALUES ('value1', 'char1', 'text1', 'varchar1');
INSERT INTO test_coercibility_cols VALUES ('value2', 'char2', 'text2', 'varchar2');
INSERT INTO test_coercibility_cols VALUES ('value3', 'char3', 'text3', 'varchar3');
SELECT COERCIBILITY(col1) AS col1_coercibility FROM test_coercibility_cols ORDER BY col1 LIMIT 1;
col1_coercibility
2
SELECT COERCIBILITY(col2) AS col2_coercibility FROM test_coercibility_cols ORDER BY col2 LIMIT 1;
col2_coercibility
2
SELECT COERCIBILITY(col3) AS col3_coercibility FROM test_coercibility_cols ORDER BY col3 LIMIT 1;
col3_coercibility
2
SELECT COERCIBILITY(col4) AS col4_coercibility FROM test_coercibility_cols ORDER BY col4 LIMIT 1;
col4_coercibility
2
SELECT col1, COERCIBILITY(col1) AS c1, col2, COERCIBILITY(col2) AS c2 FROM test_coercibility_cols ORDER BY col1 LIMIT 1;
col1    c1    col2    c2
value1    2    char1    2
DROP TABLE IF EXISTS test_coercibility_cols;
SELECT COERCIBILITY(NULL) AS null_5_1;
null_5_1
NULL
SELECT COERCIBILITY(CAST(NULL AS VARCHAR(50))) AS null_5_2;
null_5_2
NULL
SELECT COERCIBILITY(CAST(NULL AS INT)) AS null_5_3;
null_5_3
NULL
SELECT COERCIBILITY(CAST(NULL AS DECIMAL(10,2))) AS null_5_4;
null_5_4
NULL
CREATE TABLE test_coercibility_null (
id INT,
name VARCHAR(50),
value INT
);
INSERT INTO test_coercibility_null VALUES (1, NULL, NULL);
INSERT INTO test_coercibility_null VALUES (2, 'test', 100);
INSERT INTO test_coercibility_null VALUES (3, NULL, 200);
SELECT id, COERCIBILITY(name) AS name_coercibility FROM test_coercibility_null WHERE name IS NULL ORDER BY id;
id    name_coercibility
1    NULL
3    NULL
SELECT id, COERCIBILITY(value) AS value_coercibility FROM test_coercibility_null WHERE value IS NULL ORDER BY id;
id    value_coercibility
1    NULL
DROP TABLE IF EXISTS test_coercibility_null;
DROP TABLE IF EXISTS test_coercibility;

