drop table if exists t;
create table t(a int);
insert into t values(1);
insert into t select * from t;
select count(*) from t;
count(*)
2
insert into t select * from t;
select count(*) from t;
count(*)
4
insert into t select * from t;
select count(*) from t;
count(*)
8
insert into t select * from t;
select count(*) from t;
count(*)
16
insert into t select * from t;
select count(*) from t;
count(*)
32
insert into t select * from t;
select count(*) from t;
count(*)
64
insert into t select * from t;
select count(*) from t;
count(*)
128
insert into t select * from t;
select count(*) from t;
count(*)
256
insert into t select * from t;
select count(*) from t;
count(*)
512
insert into t select * from t;
select count(*) from t;
count(*)
1024
insert into t select * from t;
select count(*) from t;
count(*)
2048
insert into t select * from t;
select count(*) from t;
count(*)
4096
insert into t select * from t;
select count(*) from t;
count(*)
8192
insert into t select * from t;
select count(*) from t;
count(*)
16384
insert into t select * from t;
select count(*) from t;
count(*)
32768
insert into t select * from t;
select count(*) from t;
count(*)
65536
insert into t select * from t;
select count(*) from t;
count(*)
131072
insert into t select * from t;
select count(*) from t;
count(*)
262144
insert into t select * from t;
select count(*) from t;
count(*)
524288
insert into t select * from t;
select count(*) from t;
count(*)
1048576
insert into t select * from t;
select count(*) from t;
count(*)
2097152
insert into t select * from t;
select count(*) from t;
count(*)
4194304
insert into t select * from t;
select count(*) from t;
count(*)
8388608
insert into t select * from t;
select count(*) from t;
count(*)
16777216
begin;
insert into t select * from t;
select count(*) from t;
count(*)
33554432
commit;
select count(*) from t;
count(*)
33554432
